知识库选择,上传知识库,input2,报告生成过程,报告生成内容,flag,username,timestamp
苹果手机,,"{""headers"": [""\u6bb5\u843d"", ""prompt""], ""data"": [[1, ""iphone15\u7684\u53d1\u5e03\u65f6\u95f4""], [1, ""iphone15\u7684\u786c\u4ef6\u914d\u7f6e""], [1, ""\u82f9\u679c\u624b\u673a\u8bc4\u4ef7\u5982\u4f55""], [2, ""\u82f9\u679c\u624b\u673a\u7684\u4ef7\u683c""], [2, ""\u82f9\u679c\u624b\u673a\u7684\u5145\u7535\u901f\u5ea6""], [3, ""\u82f9\u679c\u516c\u53f8\u4e00\u5171\u51fa\u4e86\u591a\u5c11\u624b\u673a""]], ""metadata"": null}","内容解析中......
第1段内容生成中......
检索及回答内容:不知道
******************************
检索及回答内容:iPhone 15 Pro 和 Pro Max 拥有出色的摄像头硬件和软件，包括七个内置焦距、4800万像素主摄像头、光子引擎、Deep Fusion 和智能 HDR 等。此外，它们还提供 DisplayPort、Wi-Fi 6E、Thread 无线电和第二代超宽带芯片等功能。根据 Counterpoint Research 的分析，iPhone 15 Pro Max（8+256）的硬件成本为508.9美元，成本增加了8%。不知道。
******************************
检索及回答内容:苹果手机凭借其持续的创新能力、独特的设计、强大的续航能力和高保值率，获得了消费者的高度评价和市场认可。它的独特性和技术创新能力是吸引消费者的关键因素，使得苹果手机在市场上保持领先地位。同时，苹果手机的外观颜色多样，满足了不同用户的个性化需求。总体来说，苹果手机在用户心中的评价是积极的。
******************************
第一段报告内容:根据Counterpoint Research的最新分析，iPhone 15 Pro和Pro Max在摄像头硬件与软件配置上表现出色，搭载了七个内置焦距、4800万像素主摄像头、光子引擎技术、Deep Fusion以及智能HDR等先进功能。此外，这两款手机还提供了DisplayPort、Wi-Fi 6E、Thread无线电技术和第二代超宽带芯片等创新特性。具体到成本方面，iPhone 15 Pro Max（8+256GB版本）的硬件成本达到了508.9美元，较前代产品有8%的成本增加。综合市场反馈和消费者评价，苹果手机因其持续的创新能力、独特的设计风格、卓越的续航表现和高保值率，赢得了广泛的市场认可和高度评价。苹果手机所体现的独特性和技术创新能力，已成为吸引消费者的关键因素，也是其在全球智能手机市场中保持领先地位的重要原因。另外，苹果手机提供的多样化外观颜色选择，亦充分满足了不同用户的个性化需求。因此，苹果手机在用户心中的整体形象是正面的。
******************************
第2段内容生成中......
检索及回答内容:不知道
******************************",'			根据Counterpoint Research的最新分析，iPhone 15 Pro和Pro Max在摄像头硬件与软件配置上表现出色，搭载了七个内置焦距、4800万像素主摄像头、光子引擎技术、Deep Fusion以及智能HDR等先进功能。此外，这两款手机还提供了DisplayPort、Wi-Fi 6E、Thread无线电技术和第二代超宽带芯片等创新特性。具体到成本方面，iPhone 15 Pro Max（8+256GB版本）的硬件成本达到了508.9美元，较前代产品有8%的成本增加。综合市场反馈和消费者评价，苹果手机因其持续的创新能力、独特的设计风格、卓越的续航表现和高保值率，赢得了广泛的市场认可和高度评价。苹果手机所体现的独特性和技术创新能力，已成为吸引消费者的关键因素，也是其在全球智能手机市场中保持领先地位的重要原因。另外，苹果手机提供的多样化外观颜色选择，亦充分满足了不同用户的个性化需求。因此，苹果手机在用户心中的整体形象是正面的。,,username,2024-04-12 19:45:13.088605
苹果手机,,"{""headers"": [""\u6bb5\u843d"", ""prompt""], ""data"": [[1, ""iphone15\u7684\u53d1\u5e03\u65f6\u95f4""], [1, ""iphone15\u7684\u786c\u4ef6\u914d\u7f6e""], [1, ""\u82f9\u679c\u624b\u673a\u8bc4\u4ef7\u5982\u4f55""], [2, ""\u82f9\u679c\u624b\u673a\u7684\u4ef7\u683c""], [2, ""\u82f9\u679c\u624b\u673a\u7684\u5145\u7535\u901f\u5ea6""], [3, ""\u82f9\u679c\u516c\u53f8\u4e00\u5171\u51fa\u4e86\u591a\u5c11\u624b\u673a""]], ""metadata"": null}","内容解析中......
第1段内容生成中......
检索及回答内容:不知道
******************************
检索及回答内容:iPhone 15 Pro 和 Pro Max 拥有出色的摄像头硬件和软件，包括七个内置焦距、4800万像素主摄像头、光子引擎、Deep Fusion 和智能 HDR 等。此外，它们还提供 DisplayPort、Wi-Fi 6E、Thread 无线电和第二代超宽带芯片等功能。根据 Counterpoint Research 的分析，iPhone 15 Pro Max（8+256）的硬件成本为508.9美元，成本增加了8%。不知道。
******************************
检索及回答内容:苹果手机凭借其持续的创新能力、独特的设计、强大的续航能力和高保值率，获得了消费者的高度评价和市场认可。它的独特性和技术创新能力是吸引消费者的关键因素，使得苹果手机在市场上保持领先地位。同时，苹果手机的外观颜色多样，满足了不同用户的个性化需求。总体来说，苹果手机在用户心中的评价是积极的。
******************************
第一段报告内容:根据Counterpoint Research的最新分析，iPhone 15 Pro和Pro Max在摄像头硬件与软件配置上表现出色，搭载了七个内置焦距、4800万像素主摄像头、光子引擎技术、Deep Fusion以及智能HDR等先进功能。此外，这两款手机还提供了DisplayPort、Wi-Fi 6E、Thread无线电技术和第二代超宽带芯片等创新特性。具体到成本方面，iPhone 15 Pro Max（8+256GB版本）的硬件成本达到了508.9美元，较前代产品有8%的成本增加。综合市场反馈和消费者评价，苹果手机因其持续的创新能力、独特的设计风格、卓越的续航表现和高保值率，赢得了广泛的市场认可和高度评价。苹果手机所体现的独特性和技术创新能力，已成为吸引消费者的关键因素，也是其在全球智能手机市场中保持领先地位的重要原因。另外，苹果手机提供的多样化外观颜色选择，亦充分满足了不同用户的个性化需求。因此，苹果手机在用户心中的整体形象是正面的。
******************************
第2段内容生成中......
检索及回答内容:不知道
******************************",'			根据Counterpoint Research的最新分析，iPhone 15 Pro和Pro Max在摄像头硬件与软件配置上表现出色，搭载了七个内置焦距、4800万像素主摄像头、光子引擎技术、Deep Fusion以及智能HDR等先进功能。此外，这两款手机还提供了DisplayPort、Wi-Fi 6E、Thread无线电技术和第二代超宽带芯片等创新特性。具体到成本方面，iPhone 15 Pro Max（8+256GB版本）的硬件成本达到了508.9美元，较前代产品有8%的成本增加。综合市场反馈和消费者评价，苹果手机因其持续的创新能力、独特的设计风格、卓越的续航表现和高保值率，赢得了广泛的市场认可和高度评价。苹果手机所体现的独特性和技术创新能力，已成为吸引消费者的关键因素，也是其在全球智能手机市场中保持领先地位的重要原因。另外，苹果手机提供的多样化外观颜色选择，亦充分满足了不同用户的个性化需求。因此，苹果手机在用户心中的整体形象是正面的。,,username,2024-04-12 19:45:15.130131
